<?xml version="1.0" encoding="UTF-8"?>
<!DOCTYPE log4j:configuration SYSTEM "log4j.dtd">

<log4j:configuration debug="false">

    <appender name="DEBUG" class="org.apache.log4j.RollingFileAppender">
        <param name="File" value="/var/log/tomcat/debug.log" />
        <param name="Append" value="true" />
        <param name="Threshold" value="debug" />
        <param name="MaxFileSize" value="10M" />
        <param name="maxBackupIndex" value="20" />
        <layout class="org.apache.log4j.PatternLayout">
            <param name="ConversionPattern" value="%d{yyyy-MM-dd HH:mm:ss} %-5p [%c] - %m%n" />
        </layout>
    </appender>

    <logger name="org.apache">
        <level value="error" />
        <appender-ref ref="ERROR" />
    </logger>
    
    <root>
        <priority value="DEBUG" />
        <appender-ref ref="DEBUG" /> 
    </root>

</log4j:configuration>
